employee_id,first_name,last_name,email,hire_date,department,gender,salary,region_id
1,Berrie,Manueau,berr@aol.com.mx,2006-04-20,Sports,F,154864,4
2,Aeriell,McNee,aeri@gmail.co,2009-01-26,Tools,F,56752,3
3,Sydney,Symonds,sydn@terra.mx,2010-05-17,Clothing,F,95313,4
4,Avrom,Rowantree,avro@terra.mx,2014-08-02,Phones & Tablets,M,119674,7
5,Fraiser,Morffew,feli@yahoo.com.mx,2003-01-14,Computers,M,55307,5
6,Bethena,Trow,beth@yahoo.com,2003-06-08,Sports,F,134501,3
7,Ardeen,Curwood,arde@aol.com.mx,2006-02-19,Clothing,F,28995,7
8,Seline,Dubber,seli@hotmail.com,2012-05-28,Phones & Tablets,F,101066,3
9,Dayle,Trail,dayl@yahoo.com.mx,2003-03-01,First Aid,F,82753,1
10,Redford,Roberti,redf@aol.com,2008-07-21,Clothing,M,72225,7
11,Nickey,Pointon,nick@gmail.co,2006-12-30,Jewelry,M,126333,7
12,Leonora,Casaroli,leon@yahoo.com.mx,2013-07-22,Beauty,F,99504,3
13,Anetta,Arnao,anet@aol.com,2009-05-23,Games,F,38162,1
14,Jodi,Hook,jodi@aol.com.mx,2003-10-16,Tools,F,126588,2
15,Alyson,Franzonello,alys@aol.com,2004-01-01,Furniture,F,61256,6
16,Merell,Yakovliv,mere@aol.com,2008-08-16,Movies,M,78141,7
17,Annora,Bendelow,anno@aol.com.mx,2009-06-12,Toys,F,75283,5
18,Ronica,Armfield,roni@hotmail.com,2012-09-14,Toys,F,114983,5
19,Bernardine,Hendricks,bern@hotmail.com,2006-02-04,Device Repair,F,158268,3
20,Jessey,Colum,jess@aol.com.mx,2013-07-08,Computers,M,77173,7
21,Bernardo,Davage,bern@gmail.co,2013-07-11,Clothing,M,124949,6
22,Cayla,Duffer,cayl@yahoo.com.mx,2007-02-01,Grocery,F,78589,3
23,Vanda,Marwick,vand@yahoo.com.mx,2014-02-06,Automotive,F,103570,4
24,Corabel,Syversen,cora@excite.com,2016-03-03,Pharmacy,F,91323,3
25,Zane,Breem,zane@gmail.com,2012-07-30,Cosmetics,M,56688,6
26,Frasquito,Cawson,fras@aol.com,2006-06-24,Movies,M,78881,1
27,Niles,Chawkley,nile@gmail.co,2013-09-22,Movies,M,156303,3
28,Emanuele,Sandcraft,eman@gmail.co,2015-01-01,Garden,M,70827,2
29,Cortie,Ambrosini,cort@yahoo.com,2014-05-03,Games,M,133847,4
30,Benn,Dudley,benn@aol.com,2012-08-24,Beauty,M,67800,7
31,Cleve,Conti,clev@yahoo.com,2008-02-27,Garden,M,91608,5
32,Aldon,Paddison,aldo@excite.com,2013-06-30,First Aid,M,109592,5
33,Ernestine,Sloley,erne@yahoo.com,2011-06-27,Device Repair,F,146549,5
34,Lucy,Olifaunt,lucy@hotmail.com,2005-02-07,Sports,F,165660,7
35,Olenolin,Blundan,olen@gmail.co,2004-09-29,Beauty,M,137691,3
36,Anatollo,Doyle,anat@gmail.co,2016-04-08,Computers,M,98207,1
37,Wilfrid,Sainer,wilf@yahoo.com.mx,2015-09-30,Movies,M,147235,3
38,Edna,Erwin,edna@yahoo.com.mx,2003-04-09,Children Clothing,F,91397,5
39,Mikael,Kybbye,mika@excite.com,2010-12-07,Vitamins,M,52642,1
40,Modestine,Proctor,mode@aol.com,2015-05-04,Tools,F,81889,7
41,Jania,Gresly,jani@gmail.com,2010-09-08,Furniture,F,97812,6
42,Penelopa,Danieli,pene@aol.com,2014-06-23,Toys,F,85218,1
43,Maurise,Bengefield,maur@terra.mx,2005-07-08,Pharmacy,F,63332,2
44,Moise,Turpey,mois@aol.com,2008-04-15,Device Repair,M,33781,1
45,Giacopo,Mariner,giac@hotmail.com,2005-01-31,Grocery,M,130445,7
46,Lanny,Comolli,lann@yahoo.com,2014-06-19,Phones & Tablets,F,34250,6
47,Byrann,Jaukovic,byra@yahoo.com,2011-11-13,Books,M,121054,7
48,Birgitta,Stanbrooke,birg@aol.com,2016-09-12,Clothing,F,77259,1
49,Portie,Ilden,port@aol.com.mx,2006-01-20,Device Repair,M,69190,7
50,Modesty,Blagburn,mode@hotmail.com,2008-03-16,Beauty,F,130580,1
51,Norine,Steinham,nori@yahoo.com,2008-08-22,Sports,F,66488,2
52,Charla,Adamowicz,char@terra.mx,2011-03-16,Music,F,162206,2
53,Alphonse,Shedd,alph@gmail.com,2014-08-17,Cosmetics,M,33272,4
54,Verney,McQuirk,vern@hotmail.com,2012-06-17,Clothing,M,97156,2
55,Norina,Yea,nori@gmail.com,2005-06-14,Children Clothing,F,45959,1
56,Wilek,Cossor,wile@aol.com.mx,2014-09-17,Children Clothing,M,91859,4
57,Reuben,Hallard,reub@excite.com,2009-03-14,First Aid,M,34572,5
58,King,Sangra,king@hotmail.com,2012-01-08,Grocery,M,53499,6
59,Hilario,Reily,hila@terra.mx,2012-03-18,Phones & Tablets,M,83332,5
60,Orland,Backhouse,orla@yahoo.com,2007-07-12,Beauty,M,162845,6
61,Bobby,Keppie,bobb@excite.com,2010-10-22,Computers,M,123722,3
62,Lek,Camplin,lek@aol.com.mx,2007-07-16,Children Clothing,M,124190,6
63,Fanya,Naish,fany@aol.com,2014-02-24,Tools,F,140681,3
64,Ody,Dunks,ody@yahoo.com,2006-10-13,Toys,M,92003,1
65,Cindi,Clyburn,cind@terra.mx,2007-07-07,Games,F,70527,2
66,Deb,Scarratt,deb@terra.mx,2010-12-24,Jewelry,F,112297,3
67,Wain,Betonia,wain@aol.com.mx,2005-07-23,Tools,M,26578,3
68,Wilhelmina,Martignon,wilh@gmail.com,2013-04-11,Jewelry,F,150818,3
69,Ivar,Burwin,ivar@hotmail.com,2008-07-04,Toys,M,67447,4
70,Geoff,Burrell,geof@aol.com.mx,2016-05-10,Clothing,M,88652,1
71,Tobi,Lamasna,tobi@yahoo.com,2012-04-10,Vitamins,F,68925,4
72,Zebulon,Guppey,zebu@yahoo.com.mx,2004-11-30,Toys,M,89221,7
73,Melonie,Tredger,melo@aol.com,2006-03-26,Computers,F,63128,3
74,Margy,Bess,marg@terra.mx,2012-11-10,Computers,F,144141,7
75,Fiorenze,Woodyer,fior@gmail.co,2003-02-17,Phones & Tablets,F,51266,2
76,Toby,Deek,toby@yahoo.com,2015-07-10,Device Repair,F,111363,2
77,Maurice,Philbrick,maur@terra.mx,2006-01-08,Sports,M,67615,1
78,Wendel,Olczyk,wend@excite.com,2010-01-11,Games,M,118392,4
79,Rora,Brumfitt,rora@terra.mx,2003-01-12,Children Clothing,F,153489,7
80,Hester,Seakin,hest@excite.com,2006-11-30,Clothing,F,150887,5
81,Ivan,Hassewell,ivan@aol.com,2004-09-26,Device Repair,M,74721,6
82,Dani,Diter,dani@yahoo.com.mx,2006-01-13,Camping,M,102516,2
83,Elnora,Babin,elno@aol.com,2003-02-22,First Aid,F,34355,5
84,Kippie,Petrolli,kipp@aol.com,2008-06-27,Clothing,M,128327,2
85,Christal,Ghest,chri@yahoo.com.mx,2006-10-21,Pharmacy,F,64957,5
86,Doll,Blondel,doll@yahoo.com.mx,2007-03-30,Camping,F,136773,7
87,Riane,Malloch,rian@excite.com,2014-12-17,Tools,F,101577,3
88,Brandice,Tomovic,bran@yahoo.com.mx,2008-06-21,Music,F,130031,2
89,Claudetta,Sappson,clau@yahoo.com.mx,2011-08-24,Sports,F,157802,5
90,Irita,Starie,irit@gmail.com,2004-10-15,Automotive,F,160783,1
91,Riley,Yellowlea,rile@yahoo.com.mx,2007-03-20,Camping,M,166569,5
92,Port,Dancy,port@aol.com,2011-06-14,Clothing,M,86352,3
93,Hallsy,Theuss,hall@aol.com,2010-04-05,Computers,M,49565,3
94,Cati,Keat,cati@yahoo.com.mx,2004-07-17,Tools,F,103302,7
95,Stevana,Norton,stev@terra.mx,2014-02-21,Pharmacy,F,111122,4
96,Cal,Lowre,cal@hotmail.com,2010-12-30,Movies,F,47412,2
97,Jilleen,Toone,jill@gmail.com,2013-04-20,Automotive,F,137393,3
98,Natalee,Arnal,nata@gmail.co,2014-03-16,Tools,F,125024,5
99,Simeon,Scarsbrooke,sime@terra.mx,2011-04-10,Jewelry,M,56976,2
100,Sashenka,Paris,sash@aol.com,2005-10-01,Furniture,F,117137,2
101,Ev,Wessell,ev@terra.mx,2013-06-28,Grocery,M,164582,4
102,Bryna,Tarply,bryn@terra.mx,2010-08-20,Movies,F,71440,7
103,Gregoire,Clementi,greg@excite.com,2003-11-04,Garden,M,104006,1
104,Dulsea,Drennan,duls@gmail.com,2014-12-06,Computers,F,128255,7
105,Butch,Calbert,butc@yahoo.com.mx,2014-09-04,Books,M,70287,4
106,Heath,MacRedmond,heat@aol.com,2004-10-22,Phones & Tablets,M,156926,2
107,Christine,Hessing,chri@excite.com,2013-11-07,Books,F,149864,5
108,Dionysus,Dumpleton,dion@terra.mx,2009-12-30,Movies,M,145973,5
109,Sigismund,Von Hindenburg,sigi@excite.com,2007-01-28,Toys,M,125291,1
110,Roarke,Sully,roar@yahoo.com.mx,2004-10-26,Movies,M,86223,7
111,Elihu,Epp,elih@hotmail.com,2012-11-11,Pharmacy,M,55779,6
112,Holt,Sillars,holt@hotmail.com,2012-10-23,Books,M,46099,1
113,Myrtice,Emmens,myrt@yahoo.com,2011-11-21,Movies,F,36919,6
114,Johnnie,Waight,john@yahoo.com.mx,2007-11-28,Beauty,M,120362,6
115,Peyter,Jansey,peyt@yahoo.com.mx,2005-12-02,Children Clothing,M,23348,4
116,Kath,Mateescu,kath@gmail.com,2016-02-18,Device Repair,F,133361,6
117,Cornelle,Marty,corn@yahoo.com,2015-11-07,Books,F,156858,4
118,Roxane,Raftery,roxa@gmail.co,2016-08-05,Movies,F,43199,1
119,Worth,Pavey,wort@aol.com.mx,2007-04-09,Tools,M,86252,5
120,Elwin,Seakin,elwi@aol.com.mx,2014-07-09,First Aid,M,141261,1
121,Collie,Morfett,coll@aol.com.mx,2016-06-17,Clothing,F,89961,4
122,Josselyn,Cardus,joss@gmail.co,2010-01-19,Music,F,162341,7
123,Olvan,Ladds,olva@hotmail.com,2004-04-01,Books,M,61102,3
124,Remy,Sperski,remy@gmail.co,2004-06-19,Grocery,F,22796,1
125,Valera,Southway,vale@yahoo.com,2010-05-20,Device Repair,F,25114,6
126,Roslyn,Guiu,rosl@yahoo.com.mx,2003-08-11,Automotive,F,157260,1
127,Colby,Soulsby,colb@aol.com,2011-06-22,Toys,M,104665,5
128,Archibald,Pavey,arch@yahoo.com,2015-04-27,Toys,M,59860,1
129,Roslyn,Frape,rosl@aol.com.mx,2004-04-07,Garden,F,91287,6
130,Vincents,Gullivent,vinc@gmail.co,2010-07-24,Camping,M,57696,6
131,Hewet,Calafate,hewe@yahoo.com,2016-11-24,Phones & Tablets,M,113979,2
132,Olivie,Issett,oliv@aol.com,2004-05-31,Movies,F,155316,4
133,Ezri,Foystone,ezri@gmail.co,2010-10-26,Garden,M,87986,5
134,Demott,Mouton,demo@gmail.com,2007-09-26,Cosmetics,M,22284,5
135,Salli,Caville,sall@hotmail.com,2008-10-17,Furniture,F,29124,5
136,Cordie,Broadbear,cord@excite.com,2015-03-02,Games,M,124521,2
137,Darn,Pattisson,darn@yahoo.com,2013-01-23,Decor,M,152418,7
138,Clemmie,Forber,clem@gmail.com,2014-10-17,Garden,F,53101,6
139,Kalie,Dowthwaite,kali@gmail.com,2003-11-24,First Aid,F,132796,3
140,Eugenia,Scourgie,euge@aol.com.mx,2011-06-29,Camping,F,26747,5
141,Rozamond,Malam,roza@yahoo.com.mx,2011-10-10,Phones & Tablets,F,140349,3
142,Constantine,Torrese,cons@hotmail.com,2004-09-11,Device Repair,F,112819,3
143,Dasi,Kennefick,dasi@aol.com,2006-04-30,Device Repair,F,29158,4
144,Orelia,McBoyle,orel@yahoo.com,2005-11-22,Children Clothing,F,78053,6
145,Elene,Ofen,elen@yahoo.com.mx,2015-09-11,Tools,F,43510,2
146,Stanfield,Bagnall,stan@yahoo.com,2015-06-01,Clothing,M,92839,6
147,Coralie,Shea,cora@gmail.co,2004-08-17,Children Clothing,F,128326,2
148,Jobina,Oldacre,jobi@gmail.com,2007-07-03,Beauty,F,119587,6
149,Brooks,Dinsdale,broo@yahoo.com.mx,2010-01-03,Cosmetics,F,119774,7
150,Rex,Cowlishaw,rex@excite.com,2008-02-08,Games,M,124936,4
151,Maximilianus,Woonton,maxi@aol.com,2008-12-18,Toys,M,90399,5
152,Johnette,Claworth,john@terra.mx,2009-12-13,Games,F,27750,3
153,Damiano,Speirs,dami@aol.com,2012-10-02,Books,M,94781,3
154,Sapphira,Stouther,sapp@gmail.co,2007-12-10,Device Repair,F,39966,3
155,Fleming,Gulleford,flem@aol.com.mx,2004-10-31,Games,M,66813,4
156,Joleen,Rothwell,jole@aol.com,2004-10-24,Sports,F,29838,2
157,Paulie,Wadly,paul@excite.com,2015-04-09,Pharmacy,M,37829,5
158,Tally,Bearcroft,tall@gmail.com,2004-02-09,Device Repair,M,98291,4
159,Lindon,Anniwell,lind@aol.com.mx,2011-06-11,Games,M,98335,4
160,Stella,Kershow,stel@yahoo.com.mx,2012-05-30,Device Repair,F,160249,2
161,Kathye,Kinnett,kath@hotmail.com,2005-10-09,Beauty,F,71413,6
162,Wynne,Fourcade,wynn@terra.mx,2009-12-05,Device Repair,F,161532,5
163,Stirling,MacSweeney,stir@aol.com.mx,2008-11-10,Jewelry,M,37157,5
164,Benjamin,Younie,benj@yahoo.com.mx,2006-11-13,Sports,M,21735,2
165,Hillary,Coward,hill@aol.com.mx,2015-07-10,Furniture,F,70680,7
166,Jacqui,Buttwell,jacq@excite.com,2003-07-05,Movies,F,45570,6
167,Karlis,Cromar,karl@yahoo.com,2011-07-20,Clothing,M,113213,1
168,Jarad,Plenderleith,jara@terra.mx,2012-05-26,Children Clothing,M,31276,4
169,Talyah,Delgadillo,taly@gmail.com,2010-07-19,Furniture,F,77245,2
170,Linnell,Haps,linn@excite.com,2016-09-25,Computers,F,98885,7
171,Lurette,Holbie,lure@gmail.co,2008-08-16,Device Repair,F,142660,7
172,Bunny,Sawkin,bunn@excite.com,2013-10-21,Garden,F,163361,1
173,Bev,Kincaid,bev@gmail.co,2008-12-06,Clothing,M,65336,7
174,Artair,Tumbelty,arta@aol.com.mx,2007-12-01,Movies,M,142589,5
175,Lockwood,Grave,lock@gmail.com,2007-05-14,Cosmetics,M,129004,6
176,Billie,Trebbett,bill@gmail.com,2007-10-04,Furniture,M,123320,7
177,Michail,Huggard,mich@yahoo.com,2005-01-07,Device Repair,M,164355,3
178,Cordelie,Giffkins,cord@yahoo.com.mx,2012-11-21,Music,F,24799,2
179,Lanny,Northcott,lann@gmail.co,2016-07-26,First Aid,M,159320,6
180,Damara,Scherer,dama@gmail.co,2005-01-04,Tools,F,44978,2
181,Jayme,Jimmison,jaym@aol.com,2009-07-18,Camping,M,79893,1
182,Jaimie,Paulusch,jaim@yahoo.com.mx,2004-10-10,Jewelry,F,36979,5
183,Maurita,Slegg,maur@yahoo.com.mx,2007-09-25,Beauty,F,59338,1
184,Bertie,Androletti,bert@gmail.co,2013-02-02,Music,M,109859,3
185,Nels,Helder,nels@aol.com,2011-07-25,Furniture,M,146713,4
186,Rory,Domel,rory@gmail.com,2007-08-30,Camping,F,153133,1
187,Read,Elcoux,read@excite.com,2006-01-14,Tools,M,41621,5
188,Jerry,Novis,jerr@yahoo.com.mx,2015-12-07,Movies,F,59229,5
189,Donovan,Tynnan,dono@aol.com.mx,2011-01-03,First Aid,M,139035,2
190,Averyl,Weinmann,aver@yahoo.com,2014-10-12,Sports,F,118250,7
191,Marjorie,Leavey,marj@aol.com.mx,2012-08-17,Sports,F,130147,5
192,Fonzie,Barukh,fonz@gmail.com,2005-11-25,First Aid,M,134991,2
193,Fredrick,Cleen,fred@aol.com.mx,2010-04-04,Beauty,M,106563,1
194,Yardley,Vynarde,yard@hotmail.com,2003-02-28,Jewelry,M,26876,1
195,Gilly,Gerold,gill@excite.com,2005-07-07,Cosmetics,F,85248,6
196,Marylin,Crombleholme,mary@yahoo.com,2014-04-08,Music,F,20776,6
197,Ali,Arnaudet,ali@yahoo.com,2005-09-19,Decor,M,65696,4
198,Orrin,Janz,orri@hotmail.com,2007-08-09,Furniture,M,73510,5
199,Gabriel,Widocks,gabr@yahoo.com.mx,2012-05-01,Cosmetics,M,154376,5
200,Marjorie,Limeburn,marj@yahoo.com,2012-01-06,First Aid,F,96108,3
201,Harvey,Georgins,harv@terra.mx,2013-11-15,First Aid,M,45481,5
202,Denney,Ducker,denn@excite.com,2003-10-27,Children Clothing,M,42447,4
203,Lindsy,Coventry,lind@terra.mx,2015-01-18,Maintenance,F,42370,4
204,Willabella,Bachs,will@excite.com,2003-08-18,Beauty,F,22053,2
205,Cody,Monnoyer,cody@aol.com,2008-07-23,Games,F,47559,4
206,Cyndi,Danilchenko,cynd@gmail.co,2008-05-29,Sports,F,71364,1
207,Willetta,Jaggard,will@aol.com,2008-03-25,Computers,F,43539,1
208,Kimberly,Creeboe,kimb@yahoo.com.mx,2008-04-03,Games,F,25346,1
209,Tabbi,Driuzzi,tabb@gmail.co,2003-12-22,Camping,F,121072,7
210,Lucien,Shayler,luci@yahoo.com,2004-06-11,Garden,M,137410,7
211,Michail,Leamy,mich@yahoo.com,2011-03-07,Sports,M,103760,6
212,Izabel,Lowthorpe,izab@aol.com,2003-09-07,Camping,F,142059,4
213,Kristos,Stooders,kris@hotmail.com,2013-04-22,Device Repair,M,54570,2
214,Nap,Corradetti,nap@excite.com,2016-07-01,Jewelry,M,144262,6
215,Alisa,Allender,alis@excite.com,2007-12-06,Music,F,161283,2
216,Abby,Seawright,abby@hotmail.com,2011-09-01,Jewelry,F,56889,3
217,Sileas,Rushman,sile@yahoo.com.mx,2011-02-05,Toys,F,118649,6
218,Guenevere,Conlon,guen@hotmail.com,2007-04-19,Toys,F,69012,2
219,Raquel,Seath,raqu@hotmail.com,2005-02-02,Garden,F,25587,4
220,Isabella,Dovermann,isab@excite.com,2012-09-21,Tools,F,23582,7
221,Curran,Ebdin,curr@yahoo.com,2007-12-01,Decor,M,119684,2
222,Lawton,Ponceford,lawt@yahoo.com,2012-11-14,Clothing,M,87108,6
223,Levin,Churchard,levi@gmail.co,2013-08-21,Camping,M,159946,5
224,Sutherlan,Grevel,suth@aol.com,2013-09-21,Movies,M,72967,7
225,Lyn,Guppie,lyn@aol.com.mx,2003-11-01,Phones & Tablets,F,41380,4
226,Rustin,Simpson,rust@yahoo.com.mx,2003-07-05,Tools,M,38719,3
227,Harli,Crosham,harl@hotmail.com,2008-11-18,Books,F,106026,5
228,Roze,Jakovijevic,roze@terra.mx,2015-01-12,Tools,F,91778,7
229,Evangelin,Hiddersley,evan@yahoo.com.mx,2007-05-06,Games,F,53354,7
230,Sebastian,Le feuvre,seba@excite.com,2015-05-17,Device Repair,M,157861,1
231,Say,Alliberton,say@aol.com.mx,2014-08-16,Toys,M,149707,4
232,Adelaida,Peebles,adel@yahoo.com.mx,2010-09-22,Movies,F,50306,7
233,Jameson,Popplestone,jame@yahoo.com,2012-02-24,Phones & Tablets,M,126702,1
234,Lew,Spanswick,lew@yahoo.com,2014-08-06,Beauty,M,30453,7
235,Cary,Kelshaw,cary@terra.mx,2015-09-13,Vitamins,M,139145,6
236,Morty,Buard,mort@excite.com,2014-02-24,Tools,M,100185,2
237,Binni,Daily,binn@excite.com,2007-06-01,Decor,F,38707,2
238,Bev,Howgate,bev@yahoo.com,2004-11-01,Camping,M,98444,4
239,Benedikta,Sherwill,bene@yahoo.com.mx,2005-06-22,Games,F,72588,6
240,Enrico,Hoopper,enri@aol.com.mx,2010-11-15,Computers,M,88597,1
241,Constanta,Everett,cons@gmail.com,2010-02-09,Music,F,87497,2
242,Teri,Mottershaw,teri@aol.com,2006-10-08,Games,F,83713,3
243,Howey,Woodyatt,howe@terra.mx,2013-09-08,Books,M,71418,3
244,Jaymee,Pessolt,jaym@hotmail.com,2015-08-19,Movies,F,120395,6
245,Laure,Vedstra,laur@yahoo.com.mx,2016-01-10,Tools,F,25037,4
246,Eddy,McCoole,eddy@gmail.co,2003-05-28,Decor,M,99124,6
247,Tammie,Grishukov,tamm@terra.mx,2011-12-08,Automotive,F,160039,5
248,Moe,Dobrowski,moe@hotmail.com,2009-08-09,Jewelry,M,39327,5
249,Sterling,Pagen,ster@aol.com,2004-09-02,Automotive,M,56095,7
250,Jania,Larway,jani@aol.com,2009-03-01,Music,F,86683,6
251,Stacee,Insoll,stac@aol.com.mx,2014-07-13,Movies,M,44736,5
252,Eimile,Abadam,eimi@aol.com,2013-09-29,Furniture,F,80285,7
253,Raina,Halleybone,rain@hotmail.com,2008-10-21,Jewelry,F,101441,7
254,Minna,Aleksankin,minn@gmail.com,2007-01-21,Device Repair,F,30486,1
255,Shirleen,Remmer,shir@terra.mx,2006-01-19,Cosmetics,F,156449,1
256,Neddy,Speachley,nedd@aol.com.mx,2007-04-26,Beauty,M,151926,4
257,Lois,Cianelli,lois@yahoo.com.mx,2003-11-27,First Aid,F,29539,1
258,Paten,De Vuyst,pate@gmail.com,2011-07-11,Grocery,M,159723,3
259,Reidar,Rudham,reid@aol.com.mx,2013-06-30,Clothing,M,31785,7
260,Arabelle,Arch,arab@yahoo.com.mx,2014-07-01,Pharmacy,F,72662,4
261,Shae,Farman,shae@terra.mx,2007-10-13,Children Clothing,F,103608,3
262,Elizabeth,Gilbart,eliz@gmail.co,2004-11-18,Toys,F,55587,1
263,Niles,Rodenborch,nile@yahoo.com,2015-05-27,Music,M,29890,3
264,Rory,Crace,rory@excite.com,2014-10-04,Toys,M,33544,2
265,Renault,Lenchenko,rena@aol.com,2016-07-03,Pharmacy,M,20542,7
266,Jarrett,Northfield,jarr@aol.com.mx,2011-06-20,Phones & Tablets,M,44501,2
267,Stacee,Pawellek,stac@terra.mx,2004-04-21,First Aid,M,136707,4
268,Max,Cammish,max@hotmail.com,2007-05-17,Device Repair,M,37206,2
269,Torrin,Stevenson,torr@terra.mx,2008-06-26,Pharmacy,M,127915,7
270,Elsinore,Howle,elsi@gmail.com,2014-05-13,Decor,F,24876,5
271,Norbie,Bleasdille,norb@yahoo.com.mx,2003-01-01,First Aid,M,82215,6
272,Roxie,Revance,roxi@yahoo.com.mx,2016-12-16,Phones & Tablets,F,42224,2
273,Yardley,Hames,yard@yahoo.com.mx,2016-01-27,Decor,M,124800,4
274,Lorelle,Kelberman,lore@yahoo.com,2004-01-27,Automotive,F,119959,7
275,Phyllis,Millhill,phyl@excite.com,2014-06-11,Pharmacy,F,88572,2
276,Maye,Stockow,maye@yahoo.com.mx,2015-09-22,Jewelry,F,116120,6
277,Gery,Blagburn,gery@yahoo.com.mx,2009-05-11,Tools,M,35337,5
278,Murray,McCosh,murr@hotmail.com,2013-08-27,Beauty,M,138181,7
279,Spense,Phillip,spen@excite.com,2004-03-13,Device Repair,M,130786,3
280,Timotheus,Curbishley,timo@yahoo.com,2015-05-14,Children Clothing,M,23159,5
281,Alfy,Waggitt,alfy@hotmail.com,2014-03-16,Games,F,48229,4
282,Dunc,Bloxsum,dunc@terra.mx,2015-11-01,Clothing,M,48192,1
283,Curtice,Muddiman,curt@gmail.com,2007-11-10,Device Repair,M,94233,6
284,Hendrik,Garbutt,hend@terra.mx,2008-10-22,Jewelry,M,163794,2
285,Nolly,McCaig,noll@hotmail.com,2010-09-09,Pharmacy,M,46367,3
286,Kariotta,Foystone,kari@excite.com,2008-08-25,Clothing,F,57375,4
287,Sioux,Moorman,siou@terra.mx,2005-03-22,Cosmetics,F,99293,6
288,Buckie,Jodrellec,buck@aol.com.mx,2016-10-10,Vitamins,M,30289,4
289,Wandis,Tigwell,wand@gmail.com,2014-02-07,Grocery,F,151847,3
290,Florrie,Albery,flor@hotmail.com,2016-07-02,Phones & Tablets,F,111949,5
291,Arvy,Rivilis,arvy@excite.com,2003-03-16,Garden,M,76125,4
292,Norri,Tandey,norr@yahoo.com.mx,2008-04-26,Vitamins,F,158847,7
293,Robers,Giacomozzo,robe@aol.com,2008-08-26,Toys,M,161949,5
294,Odey,Grouvel,odey@hotmail.com,2008-11-28,Garden,M,96638,3
295,Sosanna,Giovanardi,sosa@yahoo.com,2008-03-26,Phones & Tablets,F,150485,6
296,Alfons,Smeaton,alfo@hotmail.com,2009-10-23,Games,M,112768,7
297,Thorpe,Praton,thor@terra.mx,2005-08-12,Camping,M,69622,7
298,Charin,Heinicke,char@aol.com.mx,2005-12-30,First Aid,F,42847,2
299,Urson,Strivens,urso@terra.mx,2014-07-17,Decor,M,140672,4
300,Cassandra,Hoston,cass@terra.mx,2003-01-01,Beauty,F,106936,7
301,Harley,Paish,harl@hotmail.com,2013-08-31,Pharmacy,F,72504,2
302,Fergus,Chesterton,ferg@excite.com,2008-05-21,First Aid,M,67689,6
303,Lindy,Beining,lind@aol.com,2015-01-03,Clothing,M,48814,2
304,Sherye,Pardy,sher@yahoo.com,2010-11-28,Children Clothing,F,110872,3
305,Ladonna,McCrow,lado@aol.com.mx,2003-08-10,Automotive,F,111775,2
306,Cherye,Force,cher@excite.com,2012-08-04,Camping,F,58190,1
307,Parnell,Davidoff,parn@excite.com,2004-03-29,Computers,M,155000,7
308,Carling,Crusham,carl@gmail.co,2014-06-05,Jewelry,M,117960,7
309,Kerrin,Marchington,kerr@hotmail.com,2005-06-22,Jewelry,F,73350,4
310,Archambault,Marriner,arch@terra.mx,2015-09-12,Vitamins,M,123287,2
311,Kamillah,Branthwaite,kami@terra.mx,2012-01-12,Cosmetics,F,153479,1
312,Creigh,Divina,crei@aol.com,2003-05-31,Furniture,M,133537,7
313,Swen,Pirrone,swen@yahoo.com,2012-09-11,Computers,M,152304,7
314,Phoebe,Joddens,phoe@excite.com,2010-01-26,Clothing,F,45892,3
315,Philis,Sutcliffe,phil@terra.mx,2007-05-26,Device Repair,F,45829,5
316,Glynn,McCaughey,glyn@aol.com.mx,2013-10-28,Clothing,M,61614,5
317,Addy,Warlock,addy@yahoo.com.mx,2014-03-14,Toys,F,101112,3
318,Matt,Jasik,matt@terra.mx,2015-02-07,Cosmetics,M,90428,1
319,Carmelita,Sharram,carm@aol.com,2016-04-21,Pharmacy,F,144217,1
320,Dalli,Percy,dall@yahoo.com,2006-06-04,First Aid,M,136545,7
321,Carline,Lissemore,carl@yahoo.com,2003-12-06,Camping,F,87550,3
322,Freeland,Brotherheed,free@hotmail.com,2015-04-22,Tools,M,70638,5
323,Meredithe,Lissaman,mere@yahoo.com.mx,2012-02-02,Clothing,F,89695,4
324,Ellyn,Timewell,elly@yahoo.com.mx,2013-08-12,Jewelry,F,154491,1
325,Aldo,Piet,aldo@aol.com,2007-11-16,Pharmacy,M,138055,1
326,Rodrique,MacEveley,rodr@hotmail.com,2010-05-02,Decor,M,69333,1
327,Alexina,Ditchfield,alex@terra.mx,2015-07-08,First Aid,F,72540,3
328,Haily,Cornwell,hail@excite.com,2016-06-07,Movies,F,26341,1
329,Daryl,Seedull,dary@terra.mx,2004-10-14,First Aid,M,62561,6
330,Ned,Hanhard,ned@gmail.com,2008-12-25,Games,M,49877,2
331,Aldwin,Frear,aldw@yahoo.com,2007-12-05,Garden,M,51424,4
332,Ame,Pateman,ame@yahoo.com,2003-07-13,Vitamins,F,21931,2
333,Javier,Rosendale,javi@terra.mx,2003-11-12,Computers,M,87199,1
334,Webb,Wellen,webb@excite.com,2005-10-13,Computers,M,152504,7
335,Tripp,Tibbs,trip@yahoo.com.mx,2009-07-31,Books,M,111798,7
336,Alverta,Duffell,alve@aol.com.mx,2004-08-28,Furniture,F,61754,6
337,Eden,Instock,eden@aol.com,2010-11-28,Sports,F,30836,1
338,Peggi,Chislett,pegg@yahoo.com,2003-11-16,Jewelry,F,59378,6
339,Kimberlyn,Tomanek,kimb@gmail.co,2006-08-29,Movies,F,27546,5
340,Ainsley,Scotchmer,ains@aol.com.mx,2015-02-27,Device Repair,F,114170,3
341,Valdemar,Regi,vald@aol.com.mx,2006-03-19,Cosmetics,M,86079,7
342,Wandis,Durrant,wand@hotmail.com,2014-01-24,Children Clothing,F,78689,1
343,Maridel,Whellans,mari@aol.com.mx,2014-12-05,Vitamins,F,24884,1
344,Daren,Cattermull,dare@terra.mx,2012-11-26,Vitamins,M,67549,4
345,Paulo,Radden,paul@aol.com.mx,2006-05-09,Computers,M,108187,1
346,Taite,Oats,tait@aol.com.mx,2016-06-08,Children Clothing,M,82106,3
347,Efrem,Manifould,efre@hotmail.com,2006-09-22,Beauty,M,56615,3
348,Jacklyn,Finlator,jack@gmail.co,2004-01-04,Clothing,F,166976,4
349,Christoforo,Kringe,chri@excite.com,2006-02-20,Decor,M,23989,7
350,Rafaello,Bridson,rafa@yahoo.com,2005-01-11,Movies,M,159463,4
351,Giana,Lothean,gian@excite.com,2004-10-05,Plumbing,F,144363,6
352,Elianora,Stepney,elia@hotmail.com,2007-04-18,Games,F,117128,1
353,Garrot,Geldart,garr@gmail.co,2006-07-10,Beauty,M,28293,1
354,Brittaney,Bartlomiej,brit@terra.mx,2010-06-06,Toys,F,124943,2
355,Wendell,Whittington,wend@gmail.co,2009-06-23,Beauty,M,82130,6
356,Kevin,Schubart,kevi@excite.com,2011-01-20,Camping,M,154856,7
357,Petey,Edmeads,pete@gmail.com,2011-06-18,Movies,M,102539,1
358,Georgi,Tesh,geor@excite.com,2015-03-12,Movies,M,139587,7
359,Francesco,Leggin,fran@aol.com.mx,2005-12-11,Toys,M,89967,7
360,Preston,Holligan,pres@yahoo.com,2010-06-18,Device Repair,M,26582,7
361,Salomi,Yalden,salo@terra.mx,2012-12-08,Music,F,38525,2
362,Ira,Hollier,ira@yahoo.com,2015-03-28,Garden,F,68937,7
363,Angie,Mation,angi@yahoo.com,2013-07-10,Device Repair,F,150873,4
364,Conrad,Brognot,conr@terra.mx,2016-04-21,Toys,M,154205,1
365,Joshua,Gyse,josh@aol.com,2016-03-28,Garden,M,98439,1
366,Lorne,Hughson,lorn@aol.com,2010-01-23,Tools,M,50223,5
367,Lauretta,Rounds,laur@hotmail.com,2007-12-14,Automotive,F,75978,6
368,Duke,Samart,duke@hotmail.com,2008-03-11,Device Repair,M,40727,5
369,Kincaid,Beaby,kinc@aol.com.mx,2011-03-04,Jewelry,M,92218,3
370,Genvieve,Aherne,genv@yahoo.com.mx,2008-06-20,Music,F,118649,5
371,Malcolm,D'Costa,malc@terra.mx,2016-11-24,Garden,M,138493,1
372,Chantalle,Campes,chan@aol.com,2010-03-09,Furniture,F,83195,5
373,Susan,Andreone,susa@gmail.co,2012-12-06,Garden,F,79827,7
374,Cherilyn,Pheasey,cher@gmail.com,2003-07-05,Grocery,F,67359,4
375,Ellene,Wallwork,elle@yahoo.com,2015-11-09,Garden,F,22326,1
376,Euphemia,Tytcomb,euph@yahoo.com,2007-04-18,Decor,F,132618,1
377,Benyamin,Reddyhoff,beny@aol.com.mx,2016-03-25,Clothing,M,35593,2
378,Robin,Pooly,robi@yahoo.com.mx,2005-04-07,Pharmacy,M,128729,6
379,Mandel,Beddoes,mand@gmail.com,2013-09-30,Furniture,M,84572,4
380,Edik,Wardhough,edik@terra.mx,2016-12-11,Tools,M,88378,2
381,Retha,Debney,reth@gmail.com,2004-06-29,Computers,F,74771,5
382,Allx,Paraman,allx@yahoo.com.mx,2007-05-19,Books,F,156535,3
383,Dun,Draisey,dun@yahoo.com,2004-12-31,Phones & Tablets,M,82064,2
384,Marc,Costley,marc@yahoo.com,2013-09-06,Cosmetics,M,158810,4
385,Doe,Larkworthy,doe@gmail.co,2014-10-14,Automotive,F,106046,1
386,Lacee,Haddeston,lace@terra.mx,2006-11-27,Beauty,F,111691,2
387,Marijo,Hostan,mari@excite.com,2015-04-01,Phones & Tablets,F,71197,7
388,Maryrose,Carmen,mary@excite.com,2011-04-28,Grocery,F,124581,4
389,Ninetta,Barwick,nine@aol.com.mx,2008-01-29,Music,F,48186,3
390,Kent,Byford,kent@aol.com,2006-07-18,Computers,M,100379,6
391,Enrique,Rogeon,enri@yahoo.com,2010-01-26,Movies,M,108612,2
392,Bronny,Burnard,bron@hotmail.com,2007-01-05,First Aid,M,148802,6
393,April,Whetnell,apri@yahoo.com.mx,2010-07-21,Books,F,56446,2
394,Stormy,Najafian,stor@yahoo.com.mx,2015-07-28,Automotive,F,126983,6
395,Garold,Chasney,garo@hotmail.com,2016-02-21,Furniture,M,118100,7
396,Ferrel,Barnett,ferr@yahoo.com,2015-05-13,Phones & Tablets,M,142158,1
397,Sheffie,Caddies,shef@hotmail.com,2014-05-28,Jewelry,M,78104,6
398,Gustavo,Jollands,gust@gmail.co,2014-03-01,Sports,M,77085,3
399,Chilton,Trewhella,chil@aol.com.mx,2004-04-15,Garden,M,38655,5
400,Kermy,Faulo,kerm@yahoo.com,2016-08-13,Grocery,M,35931,7
401,Willard,Parrish,will@yahoo.com,2008-08-04,Furniture,M,39178,6
402,Filippa,Frean,fili@excite.com,2004-02-20,Clothing,F,44967,6
403,Wyndham,Bavester,wynd@yahoo.com.mx,2012-02-11,Children Clothing,M,113211,3
404,Ripley,Haldene,ripl@yahoo.com.mx,2012-04-23,Jewelry,M,65609,3
405,Mirelle,Glusby,mire@yahoo.com,2016-08-27,Device Repair,F,23051,6
406,Ingrim,Simonitto,ingr@gmail.co,2014-12-20,Phones & Tablets,M,158148,6
407,Annie,Rattry,anni@yahoo.com,2007-12-10,Computers,F,106737,7
408,Frederico,McCory,fred@hotmail.com,2006-01-03,Pharmacy,M,23915,3
409,Kimberley,Devereu,kimb@terra.mx,2004-01-08,Computers,F,49788,1
410,Nadia,Jeacocke,nadi@terra.mx,2010-10-24,Cosmetics,F,97848,1
411,Jodi,Barwise,jodi@aol.com,2006-03-29,Toys,F,127398,4
412,Anitra,Hanaby,anit@yahoo.com.mx,2007-09-10,Phones & Tablets,F,97722,5
413,Kerry,Nystrom,kerr@terra.mx,2007-06-14,Plumbing,F,50934,1
414,Patricio,Lapthorn,patr@yahoo.com.mx,2011-02-25,Phones & Tablets,M,26453,5
415,Borg,Plews,borg@gmail.co,2006-11-23,Jewelry,M,109413,6
416,Manolo,Garling,mano@hotmail.com,2012-06-25,Vitamins,M,146293,5
417,Gleda,Kivelle,gled@yahoo.com,2015-09-30,Decor,F,67410,4
418,Bryce,Lahiff,bryc@aol.com,2006-04-02,Jewelry,M,45077,6
419,Glyn,Broinlich,glyn@yahoo.com.mx,2005-02-09,Cosmetics,M,101689,2
420,Ivett,Brierley,ivet@yahoo.com.mx,2016-03-18,Vitamins,F,64753,6
421,Nalani,Latimer,nala@aol.com.mx,2013-11-03,Tools,F,59281,2
422,Malory,Yea,malo@hotmail.com,2012-07-16,Pharmacy,F,107893,6
423,Gav,Cohn,gav@gmail.com,2008-07-18,Sports,M,115978,3
424,Yasmin,Greystoke,yasm@yahoo.com.mx,2005-02-07,Books,F,58104,4
425,Ki,Churly,ki@excite.com,2005-09-09,Decor,F,92180,5
426,Cal,Goacher,cal@gmail.co,2008-07-12,Cosmetics,F,162454,7
427,Robenia,Dietmar,robe@aol.com,2009-05-13,Toys,F,118338,2
428,Sidney,Buntine,sidn@hotmail.com,2004-03-17,Pharmacy,M,29992,2
429,Flory,Bevens,flor@aol.com,2012-05-28,Device Repair,M,81690,4
430,Anatola,Daulton,anat@gmail.co,2003-12-14,Movies,F,92703,5
431,Guntar,Finden,gunt@excite.com,2006-09-02,Movies,M,39568,7
432,Alister,Worsfold,alis@gmail.com,2011-05-19,Computers,M,90751,7
433,Deeyn,Halmkin,deey@terra.mx,2007-10-04,First Aid,F,37501,2
434,Clementina,Frankcombe,clem@aol.com,2016-09-04,Automotive,F,95492,1
435,Valenka,Morales,vale@aol.com.mx,2016-05-26,Beauty,F,115627,4
436,Sue,Synke,sue@terra.mx,2004-10-14,Grocery,F,148697,3
437,Karlee,Broughton,karl@hotmail.com,2014-06-08,Cosmetics,F,152695,2
438,Betsey,Reedshaw,bets@terra.mx,2012-02-10,Automotive,F,152141,2
439,Yancy,Marunchak,yanc@yahoo.com,2010-03-24,Children Clothing,M,158546,3
440,Megan,Chilver,mega@terra.mx,2011-04-19,Furniture,F,82859,6
441,Olenolin,Lucy,olen@terra.mx,2008-01-05,Furniture,M,83712,7
442,Elvira,Rubroe,elvi@aol.com,2005-08-29,Clothing,F,50300,6
443,Mayer,Bownde,maye@aol.com,2010-01-24,Garden,M,153513,3
444,Roslyn,Purse,rosl@aol.com.mx,2011-04-06,Children Clothing,F,42605,2
445,Nehemiah,Offin,nehe@gmail.co,2012-08-26,Beauty,M,48788,5
446,Charmion,Cambden,char@aol.com.mx,2011-11-25,Toys,F,96393,4
447,Marybelle,Seden,mary@yahoo.com,2008-07-17,Computers,F,108672,1
448,Benni,Wenden,benn@hotmail.com,2004-09-24,Jewelry,F,101509,6
449,Brenn,Garley,bren@aol.com.mx,2009-04-22,Movies,F,91689,5
450,Chantal,Griffoen,chan@aol.com.mx,2011-07-20,Clothing,F,104667,5
451,Henderson,Forlonge,hend@yahoo.com,2010-09-23,Toys,M,108569,4
452,Bradley,Tolliday,brad@terra.mx,2007-05-05,Vitamins,M,55793,1
453,Austina,Riggoll,aust@aol.com,2011-09-05,Children Clothing,F,28507,6
454,Mill,Roust,mill@yahoo.com,2008-11-12,Beauty,M,96023,2
455,Keen,Kasman,keen@hotmail.com,2014-02-15,Children Clothing,M,127363,1
456,Jessalyn,Horley,jess@terra.mx,2004-10-03,Automotive,F,86929,7
457,Gleda,Deboo,gled@terra.mx,2010-06-16,Tools,F,87481,4
458,Rob,Medwell,rob@yahoo.com.mx,2014-01-13,First Aid,M,164011,5
459,Lauree,Asken,laur@gmail.com,2008-12-11,Beauty,F,95398,2
460,Cherianne,Oxnam,cher@gmail.co,2016-12-18,Automotive,F,150821,6
461,Stefano,Greener,stef@aol.com,2015-05-16,Sports,M,61867,7
462,Patsy,Drewry,pats@aol.com.mx,2009-01-27,Tools,F,79453,6
463,Chastity,Hancox,chas@yahoo.com.mx,2005-09-03,Jewelry,F,30260,4
464,Caresse,Christofor,care@yahoo.com.mx,2006-02-23,Garden,F,73013,1
465,Aggie,Stebbings,aggi@gmail.com,2013-03-15,Toys,F,140189,4
466,Sonnnie,Arch,sonn@gmail.com,2009-10-11,Toys,F,109849,3
467,Eunice,Spurling,euni@aol.com.mx,2010-05-16,First Aid,F,33569,3
468,Jessee,Bruck,jess@hotmail.com,2012-08-09,Furniture,M,101485,6
469,Stanwood,Govey,stan@aol.com.mx,2015-08-27,Cosmetics,M,152382,5
470,Hallsy,McBrier,hall@excite.com,2015-12-31,Children Clothing,M,98649,5
471,Goldarina,Sweet,gold@yahoo.com.mx,2006-08-09,Decor,F,137941,4
472,Westbrooke,Tilford,west@yahoo.com.mx,2014-03-28,Camping,M,96080,2
473,Peadar,Udell,pead@terra.mx,2013-01-23,Grocery,M,93956,5
474,Bryna,Rops,bryn@yahoo.com,2011-04-18,Sports,F,30762,1
475,Carly,Lugton,carl@terra.mx,2005-03-26,Phones & Tablets,M,123449,2
476,Claybourne,Jados,clay@terra.mx,2007-10-13,First Aid,M,33693,1
477,Fredia,Woolis,fred@hotmail.com,2016-06-14,Camping,F,129658,3
478,Levi,Rudge,levi@hotmail.com,2003-10-21,Computers,M,35076,6
479,Wesley,Gurley,wesl@terra.mx,2012-08-24,Pharmacy,M,107851,3
480,Roger,Spurdon,roge@yahoo.com.mx,2006-01-01,Device Repair,M,20664,6
481,Tawnya,Fatkin,tawn@terra.mx,2013-11-02,Plumbing,F,126532,2
482,Garald,Sunman,gara@terra.mx,2008-10-13,Beauty,M,145225,2
483,Cathrine,Barneville,cath@yahoo.com.mx,2007-05-29,Camping,F,154671,3
484,Jefferson,Priscott,jeff@gmail.co,2014-03-07,Toys,M,78047,4
485,Kristoffer,Benwell,kris@excite.com,2015-05-02,Jewelry,M,94938,2
486,Bear,Sessions,bear@gmail.co,2003-03-02,Decor,M,143117,3
487,Hermione,Bellhanger,herm@yahoo.com.mx,2010-11-07,Music,F,164219,2
488,Eugenius,Siege,euge@aol.com,2003-01-26,Toys,M,152118,1
489,Viv,Alker,viv@gmail.co,2008-05-02,Decor,F,152618,1
490,Pascale,Heball,pasc@aol.com.mx,2004-04-15,Cosmetics,M,55321,7
491,Eloisa,Eeles,eloi@yahoo.com,2016-12-02,Clothing,F,39200,4
492,Christan,Marikhin,chri@gmail.com,2004-01-12,Movies,F,25840,2
493,Nicolis,Vigers,nico@aol.com.mx,2014-04-28,Children Clothing,M,137567,7
494,Horatius,Ferrulli,hora@terra.mx,2004-06-20,Pharmacy,M,33152,5
495,Mill,Makey,mill@yahoo.com.mx,2011-01-08,Automotive,M,162522,7
496,Jephthah,Huffy,jeph@terra.mx,2012-05-29,Tools,M,78984,6
497,Marlena,Climo,marl@gmail.co,2008-02-29,Movies,F,99807,6
498,Krystalle,Worcester,krys@gmail.co,2003-05-05,Decor,F,135377,4
499,Tamar,Crosson,tama@hotmail.com,2005-05-27,Books,F,125036,4
500,Devondra,Bannester,devo@terra.mx,2012-03-05,First Aid,F,94635,7
501,Marlane,Sawney,marl@gmail.co,2011-05-27,First Aid,F,50520,1
502,Darbie,Morando,darb@terra.mx,2015-10-24,Sports,F,98668,4
503,Dennison,Redier,denn@gmail.com,2015-11-20,Pharmacy,M,83160,5
504,Kori,Phare,kori@aol.com.mx,2016-04-26,Device Repair,F,118995,3
505,Corabel,Scarse,cora@yahoo.com,2004-03-24,Security,F,36641,6
506,Bartholemy,Crudginton,bart@excite.com,2015-11-08,Vitamins,M,25238,6
507,Duke,Ashford,duke@yahoo.com,2005-11-02,Children Clothing,M,104397,4
508,Asher,McCrainor,ashe@aol.com,2004-08-25,Clothing,M,67857,6
509,Brooks,Chasemore,broo@yahoo.com.mx,2012-08-12,Children Clothing,F,72041,1
510,Olenka,Burde,olen@hotmail.com,2004-01-07,Children Clothing,F,114431,2
511,Baxter,Grahlman,baxt@yahoo.com.mx,2006-07-18,Beauty,M,154018,3
512,Rutherford,Ennor,ruth@yahoo.com,2005-12-08,Children Clothing,M,74795,5
513,Basile,Kainz,basi@terra.mx,2003-06-12,Jewelry,M,86269,6
514,Ashia,Breeton,ashi@terra.mx,2004-09-11,Decor,F,40464,4
515,Cybil,Perez,cybi@excite.com,2004-04-01,Automotive,F,123828,1
516,Doralin,Spada,dora@yahoo.com.mx,2010-03-14,Device Repair,F,155385,2
517,Darell,Leyburn,dare@aol.com,2004-03-07,Movies,F,70928,3
518,Alfons,Marklin,alfo@yahoo.com,2007-10-29,Garden,M,37592,5
519,Nev,Sebring,nev@excite.com,2011-03-06,Garden,M,89353,5
520,Harold,Landa,haro@hotmail.com,2016-09-22,Garden,M,105274,1
521,Maggie,Gainseford,magg@yahoo.com.mx,2003-12-27,Device Repair,F,43281,6
522,Claribel,Kettow,clar@terra.mx,2011-07-18,Beauty,F,22348,2
523,Beatrisa,Acom,beat@hotmail.com,2013-07-28,Movies,F,84877,4
524,Esme,Gostick,esme@aol.com.mx,2003-08-02,Sports,M,51318,5
525,Kristin,Rymell,kris@hotmail.com,2005-07-07,Clothing,F,51682,2
526,Montgomery,Lamont,mont@aol.com.mx,2016-02-06,Beauty,M,115964,7
527,Bonnee,Strethill,bonn@hotmail.com,2016-04-22,Cosmetics,F,147906,6
528,Phoebe,Reame,phoe@yahoo.com.mx,2003-10-12,Books,F,158680,5
529,Cornelia,Bedingfield,corn@hotmail.com,2014-08-07,Furniture,F,85129,6
530,Jeramie,Readie,jera@hotmail.com,2009-07-07,Phones & Tablets,M,59578,7
531,Patty,Halfhead,patt@aol.com,2014-11-30,Games,M,152615,2
532,Marlie,Toler,marl@terra.mx,2004-10-20,Toys,F,156058,5
533,Chastity,Labat,chas@aol.com,2014-07-24,Computers,F,103655,2
534,Beale,Wooton,beal@aol.com,2007-04-23,Games,M,116031,6
535,Peyton,Grioli,peyt@yahoo.com.mx,2012-05-13,Games,M,137463,4
536,Addia,Dannel,addi@aol.com,2009-11-22,Grocery,F,20613,5
537,Geneva,Borth,gene@gmail.com,2009-07-26,Children Clothing,F,44857,7
538,Tammie,Cratere,tamm@aol.com,2014-09-11,Games,M,107579,6
539,Fulton,Penny,fult@hotmail.com,2013-12-18,Beauty,M,121990,3
540,Cody,Stodit,cody@yahoo.com.mx,2003-10-05,Sports,M,87813,1
541,Adrian,Vase,adri@terra.mx,2009-08-14,Music,F,41871,7
542,Ricard,Lyptrit,rica@hotmail.com,2005-10-18,Toys,M,93232,6
543,Sherwynd,Shelliday,sher@aol.com,2010-09-19,Sports,M,164470,3
544,Kincaid,Bader,kinc@yahoo.com,2010-11-10,Security,M,162233,6
545,Kathi,Kirkby,kath@yahoo.com,2009-03-06,Phones & Tablets,F,78530,4
546,Dorree,Lackmann,dorr@excite.com,2011-01-22,Clothing,F,61632,2
547,Em,Bassam,em@aol.com,2009-04-30,Garden,M,41339,3
548,Camey,Bonham,came@hotmail.com,2016-04-24,Clothing,M,88291,2
549,Hyman,Espasa,hyma@aol.com,2004-05-25,Jewelry,M,63399,3
550,Elvera,Tinline,elve@gmail.com,2016-07-17,Vitamins,F,163933,2
551,Ram,Blowes,ram@terra.mx,2007-09-14,Movies,M,87479,4
552,Betsy,Densun,bets@aol.com.mx,2006-09-03,Movies,F,28882,6
553,Ewart,Carren,ewar@gmail.com,2004-03-19,Movies,M,112238,3
554,Gran,Dummigan,gran@gmail.com,2015-03-12,Games,M,30313,7
555,Andra,Saile,andr@yahoo.com.mx,2003-06-21,Sports,F,150195,6
556,Mollie,Darco,moll@gmail.com,2005-01-01,Music,F,76273,7
557,Octavius,Chiommienti,octa@aol.com.mx,2007-06-17,Furniture,M,31653,6
558,Teodor,Dubery,teod@yahoo.com.mx,2012-08-22,Furniture,M,139403,7
559,Grady,Forder,grad@hotmail.com,2007-10-27,First Aid,M,119123,3
560,Otha,Blything,otha@excite.com,2015-11-27,First Aid,F,135108,7
561,Renado,Bulcock,rena@aol.com,2013-06-27,Movies,M,124693,5
562,Romona,Cuncliffe,romo@yahoo.com,2013-05-15,Games,F,37589,2
563,Burl,de Merida,burl@aol.com.mx,2010-04-12,Camping,M,73523,3
564,Vonny,Mallender,vonn@aol.com.mx,2009-07-16,Furniture,F,55248,5
565,Hanna,Playden,hann@terra.mx,2006-08-07,Garden,F,116456,2
566,Stormy,Alelsandrovich,stor@yahoo.com,2016-04-10,Computers,F,28217,3
567,Nefen,Roberto,nefe@yahoo.com,2009-05-15,Decor,M,86014,2
568,Del,Baldung,del@yahoo.com,2007-12-04,Books,M,69681,3
569,Selle,Harhoff,sell@excite.com,2008-11-20,Maintenance,F,40041,4
570,Cy,Mence,cy@gmail.com,2016-01-18,Automotive,M,144146,7
571,Reinold,Isgate,rein@yahoo.com.mx,2015-10-09,Tools,M,108110,1
572,Mandy,Miere,mand@aol.com.mx,2008-12-03,Tools,F,142299,6
573,Nan,Ellerman,nan@gmail.co,2009-08-06,Sports,F,28029,1
574,Helena,Schultheiss,hele@aol.com,2015-11-29,Grocery,F,102563,6
575,Lilli,Wrack,lill@aol.com,2012-05-25,Cosmetics,F,136056,5
576,Zahara,Hindenberger,zaha@excite.com,2004-03-04,Decor,F,88174,7
577,Elbertina,Kidder,elbe@gmail.com,2003-07-22,Movies,F,111253,4
578,Katlin,Bemrose,katl@yahoo.com.mx,2011-05-21,Automotive,F,60089,6
579,Olly,Wheelwright,olly@gmail.co,2003-06-11,Pharmacy,F,161357,1
580,Hugh,Jopke,hugh@gmail.com,2012-08-30,Children Clothing,M,61893,4
581,Terry,Coning,terr@aol.com.mx,2006-05-21,Decor,M,39709,7
582,Erhard,Tabourin,erha@yahoo.com.mx,2009-05-20,Children Clothing,M,109317,5
583,Whitby,Oates,whit@yahoo.com.mx,2012-01-17,Movies,M,147446,1
584,Arlina,Hartness,arli@excite.com,2014-11-25,Vitamins,F,122516,7
585,Clarance,Yegoshin,clar@excite.com,2010-03-17,Books,M,88536,3
586,Sibyl,Crackett,siby@gmail.com,2009-10-08,Pharmacy,M,155151,6
587,Petr,Littleton,petr@terra.mx,2011-03-05,Grocery,M,89574,3
588,Kellen,Chisnell,kell@excite.com,2003-06-21,Garden,F,24614,3
589,Ly,Farquarson,ly@gmail.com,2004-01-30,Pharmacy,M,52451,7
590,Sandro,Gonin,sand@yahoo.com.mx,2015-03-20,Jewelry,M,29170,7
591,Wrennie,Bealing,wren@gmail.com,2004-03-26,Furniture,F,160170,7
592,Juan,Tuley,juan@terra.mx,2010-01-22,Device Repair,M,136597,6
593,Jermain,Levane,jerm@gmail.com,2016-02-17,Camping,M,71163,4
594,Bordie,Kulvear,bord@hotmail.com,2007-05-01,Garden,M,48468,7
595,Francoise,Chape,fran@aol.com,2014-09-19,Pharmacy,F,128279,1
596,Samara,Durdle,sama@yahoo.com.mx,2014-05-08,Pharmacy,F,71269,4
597,Blake,Keizman,blak@gmail.com,2005-05-12,Books,M,104884,2
598,Darrin,Bellino,darr@gmail.com,2004-01-17,Sports,M,142943,6
599,Bernadene,Fissenden,bern@aol.com.mx,2015-08-24,Games,F,22983,5
600,Bethena,Trownson,beth@gmail.com,2013-01-31,Books,F,141202,3
601,Sammie,McClosh,samm@aol.com,2014-06-16,First Aid,M,29568,4
602,Karna,Olek,karn@aol.com,2005-05-12,Jewelry,F,41938,3
603,Avram,Sever,avra@hotmail.com,2014-10-13,Phones & Tablets,M,59209,3
604,Sayers,Gherardini,saye@terra.mx,2013-01-31,First Aid,M,111532,1
605,Rorke,Royden,rork@aol.com.mx,2005-01-19,Security,M,89252,7
606,Mira,Unworth,mira@excite.com,2005-06-13,Jewelry,F,32948,2
607,Maryanna,Billin,mary@gmail.com,2006-01-26,Clothing,F,132264,2
608,Kaye,Spivey,kaye@yahoo.com.mx,2010-06-17,Garden,F,77836,6
609,Adrianna,Pickford,adri@yahoo.com,2011-09-14,First Aid,F,108411,2
610,Darrin,Shemelt,darr@gmail.co,2016-08-10,Furniture,M,86327,5
611,Spense,Winckle,spen@gmail.co,2015-11-17,Decor,M,79045,4
612,Joete,Caesar,joet@gmail.co,2015-08-01,Garden,F,50475,3
613,Brandise,Jans,bran@hotmail.com,2008-02-15,Computers,F,163512,4
614,Rooney,Kempstone,roon@yahoo.com.mx,2011-01-23,Pharmacy,M,25835,6
615,Manolo,Kupec,mano@hotmail.com,2015-12-16,Movies,M,83344,7
616,Nadia,Alonso,nadi@yahoo.com,2016-03-25,Vitamins,F,136017,3
617,Jacob,Phythean,jaco@excite.com,2010-06-12,Decor,M,126992,3
618,Courtney,Geertsen,cour@terra.mx,2007-11-11,Books,F,56692,5
619,Rosalia,Belton,rosa@yahoo.com.mx,2006-09-08,Plumbing,F,72546,4
620,Lionel,Uridge,lion@terra.mx,2006-11-15,Computers,M,140136,7
621,Dore,Fairhead,dore@aol.com.mx,2009-07-22,First Aid,F,48122,2
622,Husain,Crookshanks,husa@hotmail.com,2006-12-10,Camping,M,41892,7
623,Gran,Nelthropp,gran@aol.com.mx,2005-12-01,Vitamins,M,43666,6
624,Lucius,Stilgoe,luci@gmail.com,2004-04-11,Grocery,M,21120,5
625,Jamie,Burne,jami@aol.com.mx,2003-03-13,Cosmetics,M,99770,6
626,Quentin,McPhillimey,quen@gmail.com,2009-03-16,Garden,M,58423,7
627,Gorden,Epdell,gord@gmail.com,2007-12-20,Decor,M,146577,1
628,Amalita,Gannicott,amal@aol.com,2014-11-09,Cosmetics,F,147379,3
629,Bekki,Emmanueli,bekk@yahoo.com,2011-03-18,Cosmetics,F,84573,3
630,Deina,Feldheim,dein@hotmail.com,2007-03-24,Beauty,F,101678,2
631,Stanislaw,Biggerstaff,stan@yahoo.com.mx,2003-11-24,Toys,M,95290,2
632,Myra,Vasnev,myra@yahoo.com,2015-12-11,Books,F,87574,7
633,Tyson,O'Scanlan,tyso@yahoo.com,2008-07-03,Furniture,M,50439,5
634,Roobbie,Picknett,roob@excite.com,2016-07-25,Grocery,F,146639,2
635,Ardyce,Saffon,ardy@aol.com,2007-03-31,Games,F,135105,4
636,Adam,Fenwick,adam@aol.com,2015-09-15,Sports,M,67057,3
637,Valentina,Ditchburn,vale@hotmail.com,2014-01-19,Movies,F,104213,2
638,Kit,Angric,kit@yahoo.com,2014-12-30,Phones & Tablets,F,46100,3
639,Jorry,Carrigan,jorr@yahoo.com,2015-04-04,Beauty,F,56926,2
640,Karlik,Shemwell,karl@gmail.co,2007-06-13,Tools,M,24777,2
641,Jakie,Satch,jaki@excite.com,2004-09-27,Furniture,M,48668,7
642,Agnella,Fleming,agne@terra.mx,2012-03-08,Camping,F,78892,5
643,Rodolph,Epps,rodo@gmail.co,2016-08-24,Computers,M,45769,1
644,Kerstin,Shildrick,kers@terra.mx,2005-10-30,Grocery,F,162926,1
645,Tracey,Buncombe,trac@yahoo.com.mx,2005-12-03,First Aid,F,96845,4
646,Ivory,Chitson,ivor@gmail.com,2005-08-03,Phones & Tablets,F,35112,3
647,Berri,Bisacre,berr@excite.com,2003-07-03,Children Clothing,F,62083,4
648,Abbott,Mundow,abbo@terra.mx,2003-06-05,Automotive,M,106517,7
649,Jesselyn,McClory,jess@terra.mx,2016-06-27,Cosmetics,F,92991,4
650,Roarke,Giggs,roar@terra.mx,2008-12-03,Device Repair,M,21023,5
651,Lazarus,Wyllcocks,laza@aol.com.mx,2005-04-16,Camping,M,127132,1
652,Phaidra,Dunrige,phai@yahoo.com.mx,2005-04-17,Decor,F,51899,6
653,Rockey,Boddis,rock@gmail.co,2012-11-13,Games,M,66561,6
654,Tann,Sapshed,tann@aol.com.mx,2004-09-18,Cosmetics,M,85403,3
655,Darin,Pooke,dari@yahoo.com,2016-11-18,Movies,M,142023,2
656,Fowler,Buesnel,fowl@excite.com,2008-03-30,Camping,M,44078,3
657,Adriena,Hugonin,adri@aol.com.mx,2005-08-12,Games,F,98103,1
658,Danice,Greson,dani@yahoo.com,2009-02-10,Garden,F,59085,5
659,Carce,Greenalf,carc@excite.com,2009-04-29,Children Clothing,M,91026,7
660,Rochette,Dowse,roch@excite.com,2007-11-11,Clothing,F,126305,3
661,Jamison,Hrycek,jami@hotmail.com,2014-04-07,Garden,M,87682,1
662,Verina,Furzey,veri@excite.com,2005-06-03,First Aid,F,53924,1
663,Shelly,Khrishtafovich,shel@hotmail.com,2010-12-23,Decor,F,76879,6
664,Lukas,Gumm,luka@gmail.com,2004-11-03,Beauty,M,63076,7
665,Patty,MacPaik,patt@hotmail.com,2003-08-17,Grocery,F,159307,5
666,Dreddy,Lettley,dred@terra.mx,2015-10-28,Sports,F,38793,4
667,Willard,Bestwerthick,will@yahoo.com.mx,2015-10-27,Music,M,103759,1
668,Giralda,Melding,gira@excite.com,2014-04-17,Children Clothing,F,37206,1
669,Lorenzo,Gaiter,lore@terra.mx,2006-01-16,Children Clothing,M,110944,3
670,Garrard,Baudone,garr@hotmail.com,2012-06-19,Vitamins,M,104859,7
671,Gianni,Goodship,gian@hotmail.com,2008-11-20,Security,M,38963,6
672,Jeane,Partener,jean@aol.com,2016-10-09,Pharmacy,F,136466,5
673,Kerry,Tollerfield,kerr@aol.com,2004-02-20,Movies,M,156513,7
674,Tabitha,Sindle,tabi@yahoo.com,2014-12-28,Movies,F,137125,3
675,Becka,Oggers,beck@excite.com,2008-04-10,Clothing,F,68190,6
676,Ashlin,Manneville,ashl@aol.com,2012-03-14,Movies,M,59170,6
677,Leilah,Rigardeau,leil@gmail.co,2012-12-02,Camping,F,109202,5
678,Rudie,Gilling,rudi@yahoo.com,2012-04-04,First Aid,M,40765,1
679,Leonidas,Orrow,leon@yahoo.com,2016-03-02,Jewelry,M,71801,1
680,Byrom,Legen,byro@aol.com.mx,2009-11-02,Jewelry,M,73439,1
681,Tessi,Morten,tess@aol.com,2014-08-09,Computers,F,95386,5
682,Giorgio,Tryme,gior@gmail.com,2013-03-06,Decor,M,109973,2
683,Noelyn,De Marchi,noel@terra.mx,2014-05-28,Automotive,F,125305,4
684,Carmela,Harkins,carm@yahoo.com,2014-05-16,Children Clothing,F,92247,5
685,Hogan,McKendo,hoga@yahoo.com.mx,2015-06-26,Device Repair,M,42484,2
686,Ysabel,Jenicke,ysab@gmail.co,2011-07-07,Beauty,F,87090,2
687,Mag,Eminson,mag@aol.com,2011-03-14,Beauty,F,74700,4
688,Silvain,Thoresby,silv@terra.mx,2014-01-24,Children Clothing,M,68570,7
689,Teena,Halgarth,teen@yahoo.com.mx,2006-04-10,Camping,F,89718,4
690,Romy,Vamplus,romy@yahoo.com.mx,2007-07-14,Vitamins,F,152916,1
691,Alfy,O'Keevan,alfy@terra.mx,2010-08-15,Vitamins,F,64811,3
692,De witt,Hess,de w@yahoo.com.mx,2006-08-30,Beauty,M,74511,6
693,Akim,Catonne,akim@excite.com,2005-12-28,Books,M,139254,7
694,Tonya,Billiard,tony@hotmail.com,2010-06-18,Books,F,81913,1
695,Farlie,Caudrey,farl@aol.com,2003-07-21,Device Repair,M,89678,2
696,Roma,Pfeifer,roma@aol.com,2016-10-02,Tools,M,120070,1
697,Jasper,Nestle,jasp@aol.com,2006-10-09,Pharmacy,M,27017,6
698,Horst,Rock,hors@terra.mx,2013-05-17,Music,M,130342,6
699,Nelli,Cottam,nell@yahoo.com.mx,2015-09-01,First Aid,F,66998,7
700,Jewelle,Hulstrom,jewe@yahoo.com,2005-06-19,Children Clothing,F,140092,6
701,Lucilia,Toffolini,luci@aol.com,2003-08-05,Furniture,F,86610,7
702,Lily,Bayly,lily@aol.com,2008-07-06,Garden,F,91483,1
703,Darnall,Riddlesden,darn@gmail.com,2003-05-23,Clothing,M,77589,6
704,Lotta,Stillgoe,lott@excite.com,2004-08-09,Furniture,F,33652,1
705,Tallie,Greatrakes,tall@yahoo.com,2006-08-07,Security,F,146932,7
706,Chloris,Dealey,chlo@yahoo.com.mx,2011-10-28,Books,F,41549,3
707,Yale,Deporte,yale@terra.mx,2006-11-02,Camping,M,132097,4
708,Abbot,Attwill,abbo@aol.com.mx,2010-12-08,Movies,M,78935,3
709,Gracia,Rosendall,grac@excite.com,2008-10-14,Tools,F,56159,7
710,Charis,Bradborne,char@terra.mx,2015-08-14,Automotive,F,130995,3
711,Merrily,Lummis,merr@yahoo.com.mx,2009-11-27,Music,F,77382,5
712,Ernesto,Locarno,erne@gmail.co,2016-09-26,Music,M,57633,2
713,Marcos,Beames,marc@aol.com,2014-12-26,Cosmetics,M,158321,2
714,Tamiko,Coale,tami@gmail.co,2012-12-01,Phones & Tablets,F,61928,5
715,Kippy,Jurgenson,kipp@gmail.co,2012-01-26,Decor,M,124033,1
716,Anders,Aronovitz,ande@terra.mx,2014-03-26,Garden,M,152439,4
717,Rayna,Auty,rayn@yahoo.com,2011-10-04,Children Clothing,F,75188,3
718,Trescha,Perks,tres@hotmail.com,2013-03-02,Vitamins,F,135611,3
719,Margret,Dacre,marg@terra.mx,2013-08-28,Beauty,F,134595,4
720,Kenton,Drinkall,kent@aol.com,2013-01-04,Music,M,121621,1
721,Albert,McClements,albe@gmail.com,2010-12-25,Jewelry,M,143432,4
722,Alejandro,Mickleburgh,alej@hotmail.com,2014-02-06,Grocery,M,100530,1
723,Paddy,Wood,padd@excite.com,2015-09-10,Device Repair,M,99370,4
724,Kath,Antonijevic,kath@hotmail.com,2011-10-28,Decor,F,151894,2
725,Mendie,Jouandet,mend@gmail.co,2008-05-14,Vitamins,M,141707,4
726,Kristoffer,Newtown,kris@yahoo.com,2012-04-02,Computers,M,44334,1
727,Glory,Padwick,glor@aol.com.mx,2016-03-18,Books,F,53815,3
728,Ludwig,Toffalo,ludw@aol.com,2014-06-11,Clothing,M,36023,2
729,Paxon,Northidge,paxo@yahoo.com.mx,2009-05-01,Pharmacy,M,162924,4
730,Timothy,Andreassen,timo@yahoo.com.mx,2016-08-06,Security,M,65680,6
731,Iosep,Warmisham,iose@hotmail.com,2007-03-02,Clothing,M,75340,2
732,Donny,Brecher,donn@gmail.co,2005-05-23,Phones & Tablets,M,28857,4
733,Issi,Reedyhough,issi@hotmail.com,2005-07-10,Decor,F,86630,4
734,Zita,Lavis,zita@gmail.co,2003-11-17,Vitamins,F,51503,3
735,Merola,Matteacci,mero@hotmail.com,2008-07-15,First Aid,F,116875,6
736,Byrle,Giannasi,byrl@hotmail.com,2005-03-18,First Aid,M,70260,1
737,Rudolf,Tungate,rudo@excite.com,2016-06-23,Books,M,92068,7
738,Casandra,Kinlock,casa@terra.mx,2006-11-06,Decor,F,51651,6
739,Cecilius,Cottey,ceci@gmail.co,2003-01-20,Vitamins,M,98882,6
740,Job,Dewhurst,job@yahoo.com,2007-10-13,Clothing,M,57843,6
741,Wilmar,Henzley,wilm@hotmail.com,2009-04-09,Furniture,M,41951,7
742,Gerri,Branston,gerr@gmail.com,2013-01-29,First Aid,M,54843,7
743,Shell,Tungate,shel@gmail.com,2010-03-28,Vitamins,M,47649,2
744,Chelsey,Vedikhov,chel@aol.com.mx,2003-02-24,First Aid,F,57309,2
745,Olimpia,Peplay,olim@yahoo.com,2014-03-22,Plumbing,F,82586,3
746,Merv,Barrett,merv@yahoo.com.mx,2003-08-02,Furniture,M,25602,1
747,Nadine,Parlett,nadi@excite.com,2013-04-25,Toys,F,141032,5
748,Rubetta,Skinner,rube@gmail.co,2003-06-07,Children Clothing,F,104955,3
749,Berte,Westmerland,bert@aol.com,2014-01-05,Computers,F,125125,6
750,Murvyn,Lefley,murv@gmail.com,2015-05-28,Decor,M,59784,7
751,Sayres,Warrilow,sayr@gmail.co,2011-09-12,Toys,M,108295,7
752,Melita,Higgonet,meli@gmail.co,2006-09-17,Sports,F,136922,4
753,Adelaide,Gubbin,adel@excite.com,2016-12-01,Toys,F,27578,7
754,Ivie,Aubrey,ivie@aol.com,2010-04-04,Automotive,F,111359,7
755,Tate,Leaburn,tate@gmail.co,2013-02-10,Jewelry,M,48460,5
756,Del,Eglinton,del@gmail.com,2011-12-30,Plumbing,M,145652,5
757,Fredrika,Cudby,fred@hotmail.com,2005-09-26,Games,F,97607,5
758,Weylin,De Caville,weyl@aol.com.mx,2014-01-21,Clothing,M,86194,5
759,Jefferson,Ridett,jeff@excite.com,2007-05-06,Children Clothing,M,75030,2
760,Nathalia,Norcross,nath@gmail.com,2013-06-15,Furniture,F,27627,4
761,Lindsay,Tace,lind@yahoo.com,2015-07-16,Games,M,86426,7
762,Orsa,Tourne,orsa@yahoo.com,2005-07-19,First Aid,F,163239,4
763,Alexander,Bodker,alex@gmail.com,2010-08-01,Music,M,151422,4
764,Urban,Conwell,urba@yahoo.com,2015-02-23,Beauty,M,162169,2
765,Joseito,Baumert,jose@terra.mx,2004-09-17,First Aid,M,104018,7
766,Nonnah,Dict,nonn@aol.com.mx,2003-03-08,Music,F,145169,1
767,Arri,Chetter,arri@aol.com.mx,2010-02-06,Computers,M,122059,3
768,Erminia,O'Carmody,ermi@aol.com,2007-01-06,Computers,F,146467,7
769,Bebe,Swede,bebe@yahoo.com.mx,2005-03-20,Jewelry,F,104602,6
770,Sibilla,Guilder,sibi@aol.com,2014-07-23,Computers,F,116241,5
771,Berti,Randerson,bert@gmail.co,2016-10-06,Children Clothing,M,150740,3
772,Stefano,Dincey,stef@yahoo.com,2007-07-09,Cosmetics,M,94751,7
773,Stephi,Dickin,step@aol.com,2005-12-17,Jewelry,F,52698,1
774,Falkner,Townsend,falk@excite.com,2011-05-10,Camping,M,46793,1
775,Maisie,Terrill,mais@yahoo.com.mx,2005-03-28,Camping,F,36445,1
776,Fields,Balls,fiel@excite.com,2015-09-02,Pharmacy,M,52413,6
777,Eilis,Mart,eili@gmail.com,2008-01-04,Toys,F,136130,4
778,Devon,Pauly,devo@yahoo.com,2005-04-29,Camping,F,27049,2
779,Yuma,Whitlow,yuma@excite.com,2007-12-02,Furniture,M,48357,2
780,Emlyn,Bittlestone,emly@terra.mx,2015-08-18,Pharmacy,F,146046,6
781,Gilemette,Binney,gile@terra.mx,2007-05-21,First Aid,F,48726,3
782,Shaina,Twigg,shai@gmail.co,2015-08-04,Books,F,87994,3
783,Chrissy,Appleton,chri@gmail.co,2014-02-27,Automotive,F,146522,1
784,Starlin,McConachie,star@hotmail.com,2004-09-07,Sports,F,38120,1
785,Keenan,Gerran,keen@excite.com,2006-08-23,Maintenance,M,47734,3
786,Billie,Alderman,bill@hotmail.com,2003-12-31,Plumbing,M,64956,5
787,Issi,Arran,issi@yahoo.com.mx,2015-10-07,First Aid,F,104520,7
788,Dianemarie,Grundy,dian@hotmail.com,2004-03-19,Furniture,F,59887,3
789,Ellerey,Galsworthy,elle@aol.com.mx,2009-06-16,Toys,M,85002,4
790,Ellery,Le Brum,elle@yahoo.com,2006-01-27,Movies,M,82882,6
791,Barby,Daniell,barb@yahoo.com.mx,2016-12-26,Clothing,F,164588,6
792,Matty,Baldcock,matt@yahoo.com.mx,2008-06-11,Device Repair,M,76953,4
793,Faustine,Ivanov,faus@gmail.com,2009-06-05,Clothing,F,157392,1
794,Juliann,Piser,juli@aol.com.mx,2016-01-26,Device Repair,F,37404,1
795,Valry,Philcott,valr@aol.com.mx,2014-07-22,Furniture,F,109203,1
796,Lawton,O'Leary,lawt@terra.mx,2013-04-06,Beauty,M,103570,6
797,Glyn,Seeborne,glyn@yahoo.com,2010-11-29,Device Repair,F,61377,7
798,Milissent,Lockart,mili@gmail.co,2013-07-01,Cosmetics,F,65910,1
799,Way,Kochlin,way@terra.mx,2006-07-15,Automotive,M,51989,6
800,Zeke,Keyworth,zeke@yahoo.com,2009-04-26,Toys,M,163688,2
801,Darnell,Moorey,darn@yahoo.com,2006-10-06,Games,M,97312,6
802,Tatiania,Fall,tati@gmail.com,2015-03-11,Cosmetics,F,86820,4
803,Edvard,Scinelli,edva@aol.com.mx,2008-02-16,Books,M,92019,1
804,Annie,Denge,anni@aol.com,2015-02-01,Toys,F,149161,3
805,Arabel,Critchley,arab@yahoo.com,2009-03-03,Movies,F,87799,2
806,Griz,Doxsey,griz@yahoo.com.mx,2013-04-15,Jewelry,M,105948,3
807,Gav,Scampion,gav@aol.com,2016-06-04,Pharmacy,M,71505,1
808,Manfred,Emlen,manf@yahoo.com.mx,2008-03-24,Clothing,M,160417,5
809,Babara,Antoniewicz,baba@terra.mx,2007-01-15,Tools,F,153102,1
810,Caryl,Hillitt,cary@gmail.co,2014-11-08,Clothing,F,50835,4
811,Gustave,Fayne,gust@aol.com,2010-09-26,Device Repair,M,147926,7
812,Ileane,Santos,ilea@yahoo.com,2007-04-26,Device Repair,F,49071,3
813,Lauren,Bertenshaw,laur@aol.com,2006-04-13,Pharmacy,F,166016,7
814,Dorothea,Addicott,doro@excite.com,2003-02-27,Grocery,F,46062,7
815,Celisse,Simcoe,celi@aol.com,2013-03-08,Toys,F,71923,7
816,Gianina,Creus,gian@hotmail.com,2013-01-20,Clothing,F,48107,7
817,Kinnie,Domenc,kinn@hotmail.com,2015-07-08,Computers,M,30231,1
818,Larry,Donn,larr@yahoo.com.mx,2013-03-08,Children Clothing,M,56245,5
819,Elisabetta,Sheppard,elis@aol.com,2008-07-31,Computers,F,105522,4
820,Courtnay,Disbury,cour@gmail.com,2016-07-25,Games,F,115928,4
821,Lyndy,Satterley,lynd@gmail.com,2005-06-20,Vitamins,F,103572,4
822,Ashia,Stoves,ashi@yahoo.com.mx,2004-10-27,Vitamins,F,22190,5
823,Pall,Dumingo,pall@terra.mx,2014-11-09,Grocery,M,65452,5
824,Barbee,Westraw,barb@gmail.co,2008-07-03,First Aid,F,58392,3
825,Danice,Faulkes,dani@yahoo.com,2012-03-17,Camping,F,112997,6
826,Akim,Dorro,akim@aol.com,2013-12-12,First Aid,M,111325,6
827,Claudine,Dyble,clau@gmail.co,2005-05-20,Children Clothing,F,134442,3
828,Evey,Gilloran,evey@hotmail.com,2010-04-17,Beauty,F,71278,3
829,Aloysius,Izkovici,aloy@aol.com,2013-06-28,Books,M,120775,5
830,Gillie,Shenfisch,gill@aol.com.mx,2009-02-16,Device Repair,F,104223,4
831,Aguie,Epsly,agui@yahoo.com,2014-03-08,Beauty,M,144955,3
832,Monique,Ivanovic,moni@aol.com,2016-06-13,Sports,F,150061,1
833,Tailor,Solesbury,tail@hotmail.com,2013-09-19,Grocery,M,48200,6
834,Gerick,Paulus,geri@gmail.com,2015-08-08,Furniture,M,158121,5
835,Ibby,McElwee,ibby@yahoo.com.mx,2013-03-13,Games,F,132891,6
836,Poppy,Lines,popp@gmail.com,2010-07-27,Automotive,F,144511,2
837,Ralph,Busch,ralp@yahoo.com.mx,2012-06-10,First Aid,M,92954,2
838,Dasi,Ramey,dasi@gmail.com,2015-10-17,Furniture,F,51075,1
839,Almeria,McGrane,alme@aol.com,2008-08-18,Pharmacy,F,63772,3
840,Archibold,Deely,arch@aol.com,2003-04-26,Automotive,M,69379,2
841,Cassie,Dahle,cass@yahoo.com.mx,2009-05-10,Computers,M,134404,6
842,William,Bletcher,will@aol.com,2011-03-09,Vitamins,M,95453,3
843,Berkley,Clows,berk@hotmail.com,2007-06-11,Automotive,M,44641,5
844,Laurie,Infantino,laur@excite.com,2007-05-31,Automotive,M,29752,4
845,Caty,Toy,caty@terra.mx,2012-07-24,Movies,F,78267,4
846,Stanley,Brecknell,stan@aol.com.mx,2009-11-17,Sports,M,151814,4
847,Gweneth,MacCrann,gwen@gmail.com,2014-09-12,Sports,F,29047,7
848,Emmalynn,Wilkin,emma@terra.mx,2008-11-21,Computers,F,43190,4
849,Cobbie,Leiden,cobb@gmail.com,2005-09-04,Movies,M,155158,1
850,Mychal,Mucklow,mych@aol.com,2006-07-13,Device Repair,M,45608,7
851,Bartel,Phythien,bart@terra.mx,2015-05-25,Computers,M,154818,2
852,Fina,Fox,fina@gmail.com,2009-07-18,Clothing,F,116966,5
853,Dicky,Coalbran,dick@excite.com,2012-12-07,Games,M,91814,6
854,Rudolph,Mellanby,rudo@yahoo.com.mx,2011-07-16,Jewelry,M,48783,4
855,Suzie,Meadowcraft,suzi@aol.com.mx,2004-08-29,Vitamins,F,36127,4
856,Stefa,Gorger,stef@yahoo.com.mx,2008-08-26,Games,F,104211,5
857,Laryssa,Mum,lary@yahoo.com.mx,2006-12-02,Computers,F,152831,2
858,Hali,Sloey,hali@hotmail.com,2013-06-11,Children Clothing,F,47551,2
859,Caralie,Mulderrig,cara@gmail.com,2010-03-19,Furniture,F,155980,7
860,Horatia,Andover,hora@gmail.co,2007-04-03,First Aid,F,30924,2
861,Earle,Caveney,earl@terra.mx,2014-12-04,Vitamins,M,53808,3
862,Jada,O' Sullivan,jada@yahoo.com,2007-02-24,Cosmetics,F,121165,5
863,Jonathan,Hegden,jona@excite.com,2015-06-25,Furniture,M,121524,1
864,Xever,Bagott,xeve@gmail.co,2012-11-21,Vitamins,M,145879,4
865,My,Pedlingham,my@aol.com.mx,2015-10-22,Tools,M,87955,7
866,Kyrstin,Kloser,kyrs@aol.com.mx,2010-01-05,Tools,F,126942,2
867,Cristen,Laying,cris@gmail.com,2005-02-28,Garden,F,158227,1
868,Trevar,Hagley,trev@gmail.com,2014-01-09,Children Clothing,M,48116,4
869,Shawna,Huyghe,shaw@terra.mx,2005-11-29,Music,F,66651,3
870,Dorene,Dudman,dore@gmail.co,2003-04-23,Decor,F,97700,4
871,Brier,Frill,brie@hotmail.com,2004-07-03,Movies,F,48719,5
872,Laverne,Seson,lave@terra.mx,2014-05-23,Device Repair,F,63744,3
873,Gilda,Cromarty,gild@hotmail.com,2004-11-16,Vitamins,F,133010,6
874,Byron,Rummins,byro@yahoo.com.mx,2003-06-02,Books,M,54434,1
875,Eldredge,Trickey,eldr@gmail.com,2006-04-30,Beauty,M,60077,1
876,Marlowe,Crock,marl@excite.com,2016-12-01,Jewelry,M,66384,1
877,Claudell,Bagnold,clau@yahoo.com.mx,2007-08-03,Movies,M,28141,6
878,Shelton,Jaye,shel@gmail.co,2016-08-22,Decor,M,139827,7
879,Reg,Newland,reg@hotmail.com,2016-10-28,Beauty,M,36053,3
880,Lion,Hindenberger,lion@yahoo.com,2013-08-15,Vitamins,M,104269,3
881,Stefania,Baltrushaitis,stef@yahoo.com,2007-06-08,Movies,F,143381,6
882,Evin,Patton,evin@gmail.co,2010-09-23,Vitamins,M,59706,6
883,Valentine,Gawthorp,vale@gmail.co,2012-10-22,Phones & Tablets,M,128131,5
884,Gordan,Skones,gord@gmail.co,2009-04-29,Games,M,40268,3
885,Corabella,Howels,cora@terra.mx,2012-08-25,Furniture,F,114708,1
886,Mortimer,Feldstein,mort@aol.com.mx,2016-07-19,Clothing,M,88534,5
887,Philippine,Greenig,phil@hotmail.com,2011-04-16,Books,F,99888,6
888,Rouvin,Baudet,rouv@gmail.com,2010-05-17,Tools,M,97934,1
889,Blake,Paal,blak@gmail.com,2004-05-11,Furniture,M,88002,3
890,Ursuline,Crowhurst,ursu@gmail.co,2009-09-26,First Aid,F,33488,4
891,Aylmar,Leipelt,aylm@hotmail.com,2005-07-25,Garden,M,157833,7
892,Estevan,Harpham,este@gmail.co,2016-07-08,First Aid,M,59475,7
893,Teodora,Ryall,teod@aol.com,2008-11-05,Computers,F,86453,2
894,Lebbie,Slaymaker,lebb@yahoo.com,2016-10-07,Grocery,F,57389,4
895,Celinka,Jenkerson,celi@yahoo.com.mx,2009-10-23,Furniture,F,156205,2
896,Billie,Hould,bill@gmail.co,2008-08-09,Cosmetics,M,48551,4
897,Christophorus,Goodbarne,chri@gmail.co,2009-09-30,Device Repair,M,115407,2
898,Yanaton,Lilliman,yana@gmail.co,2007-04-09,Phones & Tablets,M,153406,2
899,Alverta,Youtead,alve@yahoo.com,2012-07-01,Toys,F,127015,7
900,Bianca,Blitzer,bian@hotmail.com,2014-05-29,Cosmetics,F,115026,2
901,Nolan,Tatum,nola@hotmail.com,2006-12-24,First Aid,M,129501,3
902,Sheila-kathryn,Fevers,shei@gmail.com,2007-01-25,Computers,F,75794,7
903,Kelby,Nudde,kelb@aol.com,2013-02-17,Tools,M,156672,2
904,Lindsey,Cawte,lind@yahoo.com.mx,2015-11-29,Grocery,F,52721,6
905,Lissy,Bodicam,liss@yahoo.com,2004-01-15,Camping,F,56205,6
906,Lydon,Dorant,lydo@gmail.co,2013-06-13,Tools,M,66261,1
907,Benji,Matuszinski,benj@yahoo.com,2016-07-19,First Aid,M,93822,4
908,Georgeanne,Chazotte,geor@excite.com,2004-08-11,Cosmetics,F,132783,6
909,Leonore,Bowness,leon@gmail.com,2010-12-29,First Aid,F,43161,1
910,Bathsheba,Kermode,bath@yahoo.com.mx,2011-07-11,Camping,F,157390,4
911,Terry,Cosans,terr@yahoo.com.mx,2012-04-20,Beauty,M,119848,2
912,Ardelia,Dunkley,arde@aol.com,2015-10-18,Toys,F,99819,7
913,Estrella,Anselmi,estr@hotmail.com,2014-10-14,Books,F,83064,7
914,Iver,Davidowich,iver@terra.mx,2004-12-30,Computers,M,21626,3
915,Krystalle,Govern,krys@aol.com,2007-04-10,Decor,F,32768,3
916,Odessa,Simester,odes@terra.mx,2009-08-06,Vitamins,F,123268,7
917,Darius,Viel,dari@yahoo.com,2003-06-19,Camping,M,155579,6
918,Lanie,Zamora,lani@gmail.com,2012-12-23,First Aid,M,151539,4
919,Carissa,Gabbitus,cari@hotmail.com,2016-09-25,Music,F,166765,2
920,Donni,Cuchey,donn@yahoo.com,2009-10-14,First Aid,F,160416,2
921,Rancell,Cockitt,ranc@hotmail.com,2013-07-07,Movies,M,30411,6
922,Carr,Cosgry,carr@hotmail.com,2016-04-30,Garden,M,68410,3
923,Berkley,Greenslade,berk@hotmail.com,2004-07-27,Toys,M,91990,4
924,Lynn,Housen,lynn@yahoo.com.mx,2015-09-03,Sports,F,46529,5
925,Alvin,McMullen,alvi@terra.mx,2016-11-01,Beauty,M,69999,3
926,Orbadiah,Krochmann,orba@yahoo.com.mx,2008-12-03,Tools,M,90020,1
927,Maryellen,Westnedge,mary@hotmail.com,2003-04-19,Automotive,F,115973,5
928,Kaleb,Arnefield,kale@aol.com,2004-07-04,Maintenance,M,149076,3
929,Pennie,Prevett,penn@yahoo.com,2009-10-03,Computers,M,153445,1
930,Tab,Tatterton,tab@yahoo.com.mx,2014-07-16,Vitamins,M,141816,5
931,Tanner,Welbeck,tann@terra.mx,2006-03-02,Toys,M,38903,6
932,Gabriella,Hadkins,gabr@terra.mx,2004-10-01,Toys,F,65050,7
933,Sylvester,Janecki,sylv@yahoo.com.mx,2006-05-12,Tools,M,98315,3
934,Lenka,Larose,lenk@gmail.com,2013-02-07,Decor,F,21024,1
935,Lyman,Sackler,lyma@yahoo.com,2016-08-10,Pharmacy,M,160215,6
936,Leland,Reichartz,lela@aol.com.mx,2005-06-04,First Aid,F,131935,2
937,Charlie,Yakubovics,char@terra.mx,2007-07-23,Toys,M,60560,4
938,Benjamen,Discombe,benj@hotmail.com,2015-01-17,Pharmacy,M,159011,3
939,Dexter,McDermid,dext@gmail.com,2006-02-24,Jewelry,M,80657,4
940,Linus,Lowrance,linu@gmail.com,2005-03-04,Maintenance,M,46216,2
941,Lynn,Scriviner,lynn@excite.com,2003-06-23,Toys,M,139330,1
942,Alis,Senecaux,alis@gmail.com,2003-04-09,Books,F,148531,6
943,Maurise,Dally,maur@yahoo.com,2005-03-28,Phones & Tablets,F,75393,1
944,Fee,Shama,fee@aol.com.mx,2005-06-05,Vitamins,M,80502,2
945,Kayle,Nucciotti,kayl@yahoo.com.mx,2010-08-04,Movies,F,33881,1
946,Georgianne,Chill,geor@gmail.com,2003-12-25,Grocery,F,153826,5
947,Jabez,Ghidini,jabe@terra.mx,2004-03-14,Decor,M,153849,3
948,Cary,Lark,cary@aol.com,2012-03-01,First Aid,M,134559,1
949,Gabriello,Inde,gabr@hotmail.com,2012-12-26,Garden,M,44474,3
950,Cory,Rapelli,cory@gmail.co,2015-11-19,Garden,M,77595,7
951,Merlina,McCullagh,merl@terra.mx,2009-02-16,Automotive,F,137094,1
952,Bartlett,Brunner,bart@hotmail.com,2010-03-03,Children Clothing,M,130748,7
953,Edgard,Pead,edga@gmail.com,2007-07-22,Jewelry,M,62116,6
954,Jonas,Winslett,jona@excite.com,2014-05-07,Device Repair,M,62382,7
955,Rodrique,Fowlston,rodr@gmail.co,2016-01-04,Children Clothing,M,95051,7
956,Afton,Fairweather,afto@yahoo.com.mx,2005-06-24,Books,F,68716,1
957,Sephira,Jarville,seph@yahoo.com.mx,2003-09-20,Books,F,159561,6
958,Eudora,Hanalan,eudo@excite.com,2016-08-18,Clothing,F,31792,1
959,Yancy,Rickson,yanc@aol.com,2016-05-16,Camping,M,60348,3
960,Carlyle,Josipovitz,carl@hotmail.com,2010-06-29,Beauty,M,141315,2
961,Jobi,Helsdon,jobi@aol.com,2006-05-03,Maintenance,F,80331,7
962,Wash,Huntingford,wash@gmail.com,2004-10-17,Pharmacy,M,158546,5
963,Erich,Gilford,eric@yahoo.com,2012-12-29,Books,M,106021,3
964,Sofia,Clements,sofi@terra.mx,2008-05-20,Maintenance,F,154140,2
965,Berthe,Buller,bert@yahoo.com,2008-09-27,Furniture,F,156041,6
966,Candra,Vannet,cand@aol.com.mx,2008-01-01,Computers,F,97259,2
967,Fiona,Dellatorre,fion@terra.mx,2007-02-06,Phones & Tablets,F,149004,1
968,Juliane,Shotbolt,juli@terra.mx,2013-01-25,Decor,F,34277,6
969,Flss,Husbands,flss@terra.mx,2005-09-04,Device Repair,F,97891,3
970,Barrett,Barling,barr@gmail.co,2005-10-26,Grocery,M,128512,4
971,Noellyn,Enterlein,noel@gmail.com,2006-12-23,Camping,F,86895,5
972,Cirstoforo,Mulloch,cirs@aol.com,2011-05-09,Clothing,M,141256,7
973,Dona,Murley,dona@hotmail.com,2016-11-09,Decor,F,98159,1
974,Thorpe,Bick,thor@yahoo.com,2008-01-19,Garden,M,121211,1
975,Isis,McKinn,isis@excite.com,2010-06-18,Movies,F,124444,4
976,Lydon,Passo,lydo@gmail.com,2003-10-17,Books,M,48145,3
977,Vickie,Pryn,vick@gmail.co,2012-02-24,Movies,F,33269,4
978,Shem,Jewes,shem@yahoo.com.mx,2008-10-22,Tools,M,121211,5
979,Delila,Ambrogi,deli@aol.com,2007-06-30,Sports,F,27064,6
980,Lyndy,Tooker,lynd@gmail.com,2007-01-26,Computers,F,112796,4
981,Thorvald,Boncoeur,thor@excite.com,2005-12-17,Music,M,34565,6
982,Enid,Wooff,enid@yahoo.com,2014-05-17,Maintenance,F,54434,5
983,Henrik,Clayborn,henr@terra.mx,2014-08-04,Device Repair,M,117791,5
984,Krista,Barnewell,kris@excite.com,2016-02-29,Music,F,85666,5
985,Nelli,Glading,nell@aol.com.mx,2010-07-11,Grocery,F,52846,5
986,Sheila,Matthiae,shei@yahoo.com,2010-03-26,Computers,F,23878,1
987,Granny,Barhem,gran@excite.com,2003-05-13,Movies,M,125798,1
988,Tabb,Huddleston,tabb@aol.com.mx,2003-05-02,Automotive,M,47591,6
989,Ari,Queripel,ari@gmail.co,2013-08-30,Phones & Tablets,M,80695,1
990,Cristiano,Haney`,cris@hotmail.com,2014-07-18,First Aid,M,105648,2
991,Marquita,Seawell,marq@hotmail.com,2014-09-07,Sports,F,38909,4
992,Katharine,Brussels,kath@excite.com,2003-10-02,Phones & Tablets,F,29806,5
993,Frank,Garnson,fran@excite.com,2013-12-26,Children Clothing,M,95828,7
994,Aurlie,Kindleysides,aurl@yahoo.com.mx,2004-05-20,Device Repair,F,104822,3
995,Reese,Watkin,rees@terra.mx,2014-10-21,Toys,M,102169,3
996,Gardiner,Aron,gard@gmail.com,2015-11-29,Garden,M,111859,1
997,Rhianna,Trynor,rhia@aol.com,2005-04-07,Beauty,F,120753,7
998,Brandice,Gillicuddy,bran@yahoo.com,2014-11-30,Phones & Tablets,F,134058,2
999,Kingston,Piwall,king@hotmail.com,2012-07-07,Music,M,45679,7
1000,Jacquelin,Cassam,jacq@terra.mx,2010-01-27,Music,F,28726,2
